{
    "Medan": {
        "neighbors": [
            "Bengkulu",
            "Jambi",
            "Batam"
        ],
        "cartesian_coord": [
            3.5896654,
            98.6738261
        ],
        "polar_coord": [
            98.73909891677663,
            2.0834503497606454
        ]
    },
    "Bengkulu": {
        "neighbors": [
            "Medan",
            "Palembang"
        ],
        "cartesian_coord": [
            -3.7922858,
            102.2623797
        ],
        "polar_coord": [
            102.33267187704938,
            362.12377660982787
        ]
    },
    "Jambi": {
        "neighbors": [
            "Medan",
            "Palembang"
        ],
        "cartesian_coord": [
            -1.6296917,
            103.6077806
        ],
        "polar_coord": [
            103.62059687096377,
            360.90115584148464
        ]
    },
    "Batam": {
        "neighbors": [
            "Medan",
            "Jambi"
        ],
        "cartesian_coord": [
            1.1030815,
            104.0383696
        ],
        "polar_coord": [
            104.04421722432173,
            0.6074638281005855
        ]
    },
    "Palembang": {
        "neighbors": [
            "Bengkulu",
            "Jambi"
        ],
        "cartesian_coord": [
            -2.9888297,
            104.756857
        ],
        "polar_coord": [
            104.79948564517886,
            361.63426899753523
        ]
    }
}